vertex,pagerank 
I,0.1821199614
D,0.1573417479
J,0.152695988
G,0.1124940171
E,0.1094952275
B,0.0891604563
A,0.0682673224
F,0.064476624
C,0.0639486555
