vertex,pagerank 
H,0.2083077678
J,0.1475313918
I,0.1404016831
F,0.1057614586
G,0.1035308013
E,0.0903005556
D,0.0737148766
C,0.0494328932
A,0.0463288225
B,0.0346897496
