vertex,pagerank 
J,0.1855526545
I,0.1619018847
D,0.1344611785
G,0.1051036385
E,0.1036899521
B,0.075922771
H,0.074158184
A,0.0608722007
C,0.0535581718
F,0.0447793642
