vertex,pagerank 
E,0.2818758155
C,0.2695944432
B,0.2198380947
D,0.1548246597
A,0.0738669869
